Max score;Average score;Last score
104.03636363636406;55.42992849846795;98.0363636363644
19.781818181818206;14.013131313131334;13.781818181818227
