Max score;Average score;Last score
10.436363636363645;5.71410658307211;-0.12727272727271927
10.436363636363645;5.71410658307211;-0.12727272727271927
